{"cameraMode":{"drawMode":0,"name":"Shaded","section":"Shading Mode"},"sceneLighting":false,"audioPlay":false,"sceneViewState":{"m_AlwaysRefresh":false,"showFog":false,"showSkybox":false,"showFlares":false,"showImageEffects":false,"showParticleSystems":false,"showVisualEffectGraphs":true,"m_FxEnabled":true},"in2DMode":false,"pivot":{"x":-0.21708926558494569,"y":1.026228904724121,"z":-0.628739058971405},"rotation":{"x":0.0012460289290174842,"y":-0.9947254061698914,"z":0.10237720608711243,"w":0.012481889687478543},"size":1.0501755475997925,"orthographic":false}