{"cameraMode":{"drawMode":0,"name":"Shaded","section":"Shading Mode"},"sceneLighting":false,"audioPlay":false,"sceneViewState":{"m_AlwaysRefresh":false,"showFog":false,"showSkybox":false,"showFlares":false,"showImageEffects":false,"showParticleSystems":false,"showVisualEffectGraphs":true,"m_FxEnabled":true},"in2DMode":false,"pivot":{"x":-0.2007056474685669,"y":0.9407162070274353,"z":-0.14016413688659669},"rotation":{"x":-0.025586383417248727,"y":-0.9732559323310852,"z":0.1352250874042511,"w":-0.18409892916679383},"size":1.388685703277588,"orthographic":false}