{"cameraMode":{"drawMode":0,"name":"Shaded","section":"Shading Mode"},"sceneLighting":false,"audioPlay":false,"sceneViewState":{"m_AlwaysRefresh":false,"showFog":true,"showSkybox":false,"showFlares":true,"showImageEffects":true,"showParticleSystems":true,"showVisualEffectGraphs":true,"m_FxEnabled":true},"in2DMode":false,"pivot":{"x":2.5314998626708986,"y":-2.1281566619873049,"z":-17.919635772705079},"rotation":{"x":0.08459518849849701,"y":-0.09108933806419373,"z":0.007988298311829567,"w":0.9923771619796753},"size":12.12435531616211,"orthographic":false}